#node	identifier	x_position	y_position	color	annotation
ABCA4	9606.ENSP00000359245	0.4159921671018277	0.4858490566037736	rgb(239,172,117)	Retinal-specific phospholipid-transporting ATPase ABCA4; Catalyzes the translocation of specific phospholipids from the extracellular/lumenal to the cytoplasmic leaflet of membrane coupled to the hydrolysis of ATP. Transports preferentially phosphatidylethanolamine. In the visual cycle, acts as an inward-directed retinoid flipase, retinoid substrates imported by ABCA4 from the extracellular or intradiscal (rod) membrane surfaces to the cytoplasmic membrane surface are all- trans-retinaldehyde (ATR) and N-retinyl-phosphatidyl-ethanolamine (NR- PE). Once transported to the cytoplasmic su [...] 
ADGRA3	9606.ENSP00000334952	0.5317232375979113	0.22490566037735849	rgb(239,230,117)	Adhesion G protein-coupled receptor A3; Orphan receptor that may have a role in planar cell polarity pathway; Belongs to the G-protein coupled receptor 2 family. Adhesion G-protein coupled receptor (ADGR) subfamily.
ADIPOR1	9606.ENSP00000341785	0.8360313315926894	0.2667924528301887	rgb(117,239,213)	Adiponectin receptor protein 1; Receptor for ADIPOQ, an essential hormone secreted by adipocytes that regulates glucose and lipid metabolism. Required for normal glucose and fat homeostasis and for maintaining a normal body weight. ADIPOQ-binding activates a signaling cascade that leads to increased AMPK activity, and ultimately to increased fatty acid oxidation, increased glucose uptake and decreased gluconeogenesis. Has high affinity for globular adiponectin and low affinity for full-length adiponectin (By similarity); Belongs to the ADIPOR family.
AGBL5	9606.ENSP00000353249	0.606331592689295	0.14566037735849058	rgb(206,239,117)	Cytosolic carboxypeptidase-like protein 5; Metallocarboxypeptidase that mediates protein deglutamylation. Specifically catalyzes the deglutamylation of the branching point glutamate side chains generated by post-translational glutamylation in proteins such as tubulins. In contrast, it is not able to act as a long-chain deglutamylase that shortens long polyglutamate chains, a process catalyzed by AGTPBP1/CCP1, AGBL2/CCP2, AGBL3/CCP3, AGBL1/CCP4 and AGBL4/CCP6. Mediates deglutamylation of CGAS, regulating the antiviral activity of CGAS.
AHI1	9606.ENSP00000265602	0.6656657963446475	0.6273584905660378	rgb(117,117,239)	Jouberin; Involved in vesicle trafficking and required for ciliogenesis, formation of primary non-motile cilium, and recruitment of RAB8A to the basal body of primary cilium. Component of the tectonic-like complex, a complex localized at the transition zone of primary cilia and acting as a barrier that prevents diffusion of transmembrane proteins between the cilia and plasma membranes. Involved in neuronal differentiation. As a positive modulator of classical Wnt signaling, may play a crucial role in ciliary signaling during cerebellum embryonic development.
AHR	9606.ENSP00000242057	0.366644908616188	0.13490566037735852	rgb(239,149,117)	Aryl hydrocarbon receptor; Ligand-activated transcriptional activator. Binds to the XRE promoter region of genes it activates. Activates the expression of multiple phase I and II xenobiotic chemical metabolizing enzyme genes (such as the CYP1A1 gene). Mediates biochemical and toxic effects of halogenated aromatic hydrocarbons. Involved in cell-cycle regulation. Likely to play an important role in the development and maturation of many tissues. Regulates the circadian clock by inhibiting the basal and circadian expression of the core circadian component PER1. Inhibits PER1 by repressing [...] 
AIPL1	9606.ENSP00000370521	0.46240208877284594	0.38849056603773585	rgb(117,214,239)	Aryl-hydrocarbon-interacting protein-like 1; May be important in protein trafficking and/or protein folding and stabilization.
ARHGEF18	9606.ENSP00000482647	0.8795039164490863	0.43433962264150944	rgb(239,153,117)	Rho/Rac guanine nucleotide exchange factor 18.
ARL13B	9606.ENSP00000377769	0.7343994778067886	0.4869811320754717	rgb(117,117,239)	ADP-ribosylation factor-like protein 13B; Cilium-specific protein required to control the microtubule- based, ciliary axoneme structure. May act by maintaining the association between IFT subcomplexes A and B. Binds GTP but is not able to hydrolyze it; the GTPase activity remains unclear. Required to pattern the neural tube. Involved in cerebral cortex development: required for the initial formation of a polarized radial glial scaffold, the first step in the construction of the cerebral cortex, by regulating ciliary signaling. Regulates the migration and placement of postmitotic intern [...] 
ARL2BP	9606.ENSP00000219204	0.6627284595300262	0.3109433962264151	rgb(238,239,117)	ADP-ribosylation factor-like protein 2-binding protein; Together with ARL2, plays a role in the nuclear translocation, retention and transcriptional activity of STAT3. May play a role as an effector of ARL2.
ARL3	9606.ENSP00000260746	0.6627284595300262	0.529433962264151	rgb(117,227,239)	ADP-ribosylation factor-like protein 3; Small GTP-binding protein which cycles between an inactive GDP-bound and an active GTP-bound form, and the rate of cycling is regulated by guanine nucleotide exchange factors (GEF) and GTPase- activating proteins (GAP). Required for normal cytokinesis and cilia signaling. Requires assistance from GTPase-activating proteins (GAPs) like RP2 and PDE6D, in order to cycle between inactive GDP-bound and active GTP-bound forms. Required for targeting proteins to the cilium, including myristoylated NPHP3 and prenylated INPP5E. Targets NPHP3 to the ciliar [...] 
ARL6	9606.ENSP00000419619	0.6257180156657964	0.31433962264150944	rgb(117,239,223)	ADP-ribosylation factor-like protein 6; Involved in membrane protein trafficking at the base of the ciliary organelle. Mediates recruitment onto plasma membrane of the BBSome complex which would constitute a coat complex required for sorting of specific membrane proteins to the primary cilia. Together with BBS1, is necessary for correct trafficking of PKD1 to primary cilia (By similarity). Together with the BBSome complex and LTZL1, controls SMO ciliary trafficking and contributes to the sonic hedgehog (SHH) pathway regulation. May regulate cilia assembly and disassembly and subsequent [...] 
ARR3	9606.ENSP00000311538	0.24621409921671017	0.36754716981132074	rgb(117,132,239)	Arrestin-C; May play a role in an as yet undefined retina-specific signal transduction. Could binds to photoactivated-phosphorylated red/green opsins.
B9D1	9606.ENSP00000261499	0.7866840731070497	0.5435849056603774	rgb(117,117,239)	B9 domain-containing protein 1; Component of the tectonic-like complex, a complex localized at the transition zone of primary cilia and acting as a barrier that prevents diffusion of transmembrane proteins between the cilia and plasma membranes. Required for ciliogenesis and sonic hedgehog/SHH signaling (By similarity); Belongs to the B9D family.
B9D2	9606.ENSP00000243578	0.7743472584856398	0.5860377358490566	rgb(117,117,239)	B9 domain-containing protein 2; Component of the tectonic-like complex, a complex localized at the transition zone of primary cilia and acting as a barrier that prevents diffusion of transmembrane proteins between the cilia and plasma membranes; Belongs to the B9D family.
BBIP1	9606.ENSP00000433157	0.7179503916449086	0.36245283018867924	rgb(117,152,239)	BBSome interacting protein 1.
BBS1	9606.ENSP00000317469	0.6474543080939948	0.509622641509434	rgb(167,239,117)	Bardet-Biedl syndrome 1 protein; The BBSome complex is thought to function as a coat complex required for sorting of specific membrane proteins to the primary cilia. The BBSome complex is required for ciliogenesis but is dispensable for centriolar satellite function. This ciliogenic function is mediated in part by the Rab8 GDP/GTP exchange factor, which localizes to the basal body and contacts the BBSome. Rab8(GTP) enters the primary cilium and promotes extension of the ciliary membrane. Firstly the BBSome associates with the ciliary membrane and binds to RAB3IP/Rabin8, the guanosyl ex [...] 
BBS12	9606.ENSP00000438273	0.747911227154047	0.5345283018867925	rgb(117,120,239)	Bardet-Biedl syndrome 12 protein; Component of the chaperonin-containing T-complex (TRiC), a molecular chaperone complex that assists the folding of proteins upon ATP hydrolysis. As part of the TRiC complex may play a role in the assembly of BBSome, a complex involved in ciliogenesis regulating transports vesicles to the cilia. Involved in adipogenic differentiation. Belongs to the TCP-1 chaperonin family. BBS12 subfamily.
BBS2	9606.ENSP00000245157	0.6639033942558747	0.44566037735849057	rgb(117,239,197)	Bardet-Biedl syndrome 2 protein; The BBSome complex is thought to function as a coat complex required for sorting of specific membrane proteins to the primary cilia. The BBSome complex is required for ciliogenesis but is dispensable for centriolar satellite function. This ciliogenic function is mediated in part by the Rab8 GDP/GTP exchange factor, which localizes to the basal body and contacts the BBSome. Rab8(GTP) enters the primary cilium and promotes extension of the ciliary membrane. Firstly the BBSome associates with the ciliary membrane and binds to RAB3IP/Rabin8, the guanosyl ex [...] 
BBS4	9606.ENSP00000268057	0.7279373368146215	0.5169811320754717	rgb(117,117,239)	Bardet-Biedl syndrome 4 protein; The BBSome complex is thought to function as a coat complex required for sorting of specific membrane proteins to the primary cilia. The BBSome complex is required for ciliogenesis but is dispensable for centriolar satellite function. This ciliogenic function is mediated in part by the Rab8 GDP/GTP exchange factor, which localizes to the basal body and contacts the BBSome. Rab8(GTP) enters the primary cilium and promotes extension of the ciliary membrane. Firstly the BBSome associates with the ciliary membrane and binds to RAB3IP/Rabin8, the guanosyl ex [...] 
BBS5	9606.ENSP00000295240	0.7132506527415144	0.459811320754717	rgb(117,142,239)	Bardet-Biedl syndrome 5 protein; The BBSome complex is thought to function as a coat complex required for sorting of specific membrane proteins to the primary cilia. The BBSome complex is required for ciliogenesis but is dispensable for centriolar satellite function. This ciliogenic function is mediated in part by the Rab8 GDP/GTP exchange factor, which localizes to the basal body and contacts the BBSome. Rab8(GTP) enters the primary cilium and promotes extension of the ciliary membrane. Firstly the BBSome associates with the ciliary membrane and binds to RAB3IP/Rabin8, the guanosyl ex [...] 
BBS7	9606.ENSP00000264499	0.6533289817232376	0.38283018867924523	rgb(117,139,239)	Bardet-Biedl syndrome 7 protein; The BBSome complex is thought to function as a coat complex required for sorting of specific membrane proteins to the primary cilia. The BBSome complex is required for ciliogenesis but is dispensable for centriolar satellite function. This ciliogenic function is mediated in part by the Rab8 GDP/GTP exchange factor, which localizes to the basal body and contacts the BBSome. Rab8(GTP) enters the primary cilium and promotes extension of the ciliary membrane. Firstly the BBSome associates with the ciliary membrane and binds to RAB3IP/Rabin8, the guanosyl ex [...] 
BBS9	9606.ENSP00000242067	0.6985639686684074	0.3947169811320755	rgb(117,117,239)	Protein PTHB1; The BBSome complex is thought to function as a coat complex required for sorting of specific membrane proteins to the primary cilia. The BBSome complex is required for ciliogenesis but is dispensable for centriolar satellite function. This ciliogenic function is mediated in part by the Rab8 GDP/GTP exchange factor, which localizes to the basal body and contacts the BBSome. Rab8(GTP) enters the primary cilium and promotes extension of the ciliary membrane. Firstly the BBSome associates with the ciliary membrane and binds to RAB3IP/Rabin8, the guanosyl exchange factor (GEF [...] 
BEST1	9606.ENSP00000399709	0.3543080939947781	0.5413207547169812	rgb(128,239,117)	Bestrophin-1; Forms calcium-sensitive chloride channels. Highly permeable to bicarbonate.
C1QTNF5	9606.ENSP00000431140	0.20567885117493473	0.20396226415094337	rgb(117,230,239)	Complement C1q tumor necrosis factor-related protein 5; C1q and TNF related 5.
C8orf37	9606.ENSP00000286688	0.5393603133159269	0.48641509433962266	rgb(121,239,117)	Protein C8orf37; May be involved in photoreceptor outer segment disk morphogenesis (By similarity).
CA4	9606.ENSP00000300900	0.275	0.580377358490566	rgb(117,220,239)	Carbonic anhydrase 4; Reversible hydration of carbon dioxide. May stimulate the sodium/bicarbonate transporter activity of SLC4A4 that acts in pH homeostasis. It is essential for acid overload removal from the retina and retina epithelium, and acid release in the choriocapillaris in the choroid; Belongs to the alpha-carbonic anhydrase family.
CABP4	9606.ENSP00000324960	0.45535248041775456	0.31150943396226416	rgb(117,171,239)	Calcium-binding protein 4; Involved in normal synaptic function through regulation of Ca(2+) influx and neurotransmitter release in photoreceptor synaptic terminals and in auditory transmission. Modulator of CACNA1D and CACNA1F, suppressing the calcium-dependent inactivation and shifting the activation range to more hyperpolarized voltages (By similarity).
CACNA1F	9606.ENSP00000365441	0.3930809399477807	0.2769811320754717	rgb(196,239,117)	Voltage-dependent L-type calcium channel subunit alpha-1F; [Isoform 1]: Voltage-sensitive calcium channels (VSCC) mediate the entry of calcium ions into excitable cells and are also involved in a variety of calcium-dependent processes, including muscle contraction, hormone or neurotransmitter release, gene expression, cell motility, cell division and cell death. The isoform alpha-1F gives rise to L-type calcium currents. Long-lasting (L-type) calcium channels belong to the 'high-voltage activated' (HVA) group. They are blocked by dihydropyridines (DHP), phenylalkylamines, and by benzot [...] 
CC2D2A	9606.ENSP00000403465	0.7044386422976502	0.42641509433962266	rgb(229,239,117)	Coiled-coil and C2 domain-containing protein 2A; Component of the tectonic-like complex, a complex localized at the transition zone of primary cilia and acting as a barrier that prevents diffusion of transmembrane proteins between the cilia and plasma membranes. Required for ciliogenesis and sonic hedgehog/SHH signaling (By similarity).
CCDC51	9606.ENSP00000379047	0.920626631853786	0.36301886792452825	rgb(239,175,117)	Mitochondrial potassium channel; Mitochondrial potassium channel located in the mitochondrial inner membrane. Together with ABCB8/MITOSUR, forms a protein complex localized in the mitochondria that mediates ATP- dependent potassium currents across the inner membrane (that is, mitoK(ATP) channel). May contribute to the homeostatic control of cellular metabolism under stress conditions by regulating the mitochondrial matrix volume.
CDHR1	9606.ENSP00000485478	0.5070496083550915	0.40433962264150947	rgb(117,210,239)	Cadherin-related family member 1; Potential calcium-dependent cell-adhesion protein. May be required for the structural integrity of the outer segment (OS) of photoreceptor cells (By similarity).
CEP162	9606.ENSP00000385215	0.850130548302872	0.5305660377358491	rgb(117,239,206)	Centrosomal protein of 162 kDa; Required to promote assembly of the transition zone in primary cilia. Acts by specifically recognizing and binding the axonemal microtubule. Localizes to the distal ends of centrioles before ciliogenesis and directly binds to axonemal microtubule, thereby promoting and restricting transition zone formation specifically at the cilia base. Required to mediate CEP290 association with microtubules. Belongs to the CEP162 family.
CEP290	9606.ENSP00000448012	0.5945822454308095	0.4858490566037736	rgb(117,239,226)	Centrosomal protein of 290 kDa; Involved in early and late steps in cilia formation. Its association with CCP110 is required for inhibition of primary cilia formation by CCP110. May play a role in early ciliogenesis in the disappearance of centriolar satellites and in the transition of primary ciliar vesicles (PCVs) to capped ciliary vesicles (CCVs). Required for the centrosomal recruitment of RAB8A and for the targeting of centriole satellite proteins to centrosomes such as of PCM1. Required for the correct localization of ciliary and phototransduction proteins in retinal photorecepto [...] 
CERKL	9606.ENSP00000341159	0.3948433420365535	0.5407547169811321	rgb(117,239,128)	Ceramide kinase-like protein; Has no detectable ceramide-kinase activity. Overexpression of CERKL protects cells from apoptosis in oxidative stress conditions.
CFAP20	9606.ENSP00000262498	0.7408616187989556	0.2656603773584906	rgb(239,201,117)	Cilia- and flagella-associated protein 20; Cilium- and flagellum-specific protein that plays a role in axonemal structure organization and motility. Involved in the regulation of the size and morphology of cilia. Required for axonemal microtubules polyglutamylation.
CFAP410	9606.ENSP00000381047	0.603981723237598	0.23962264150943396	rgb(239,208,117)	Cilia and flagella associated protein 410.
CHM	9606.ENSP00000350386	0.5945822454308095	0.700377358490566	rgb(216,239,117)	Rab proteins geranylgeranyltransferase component A 1; Substrate-binding subunit of the Rab geranylgeranyltransferase (GGTase) complex. Binds unprenylated Rab proteins and presents the substrate peptide to the catalytic component B composed of RABGGTA and RABGGTB, and remains bound to it after the geranylgeranyl transfer reaction. The component A is thought to be regenerated by transferring its prenylated Rab back to the donor membrane. Besides, a pre-formed complex consisting of CHM and the Rab GGTase dimer (RGGT or component B) can bind to and prenylate Rab proteins; this alternative  [...] 
CLCC1	9606.ENSP00000349456	0.8360313315926894	0.8113207547169812	rgb(117,239,200)	Chloride channel CLIC-like protein 1; Seems to act as a chloride ion channel. Plays a role in retina development. Belongs to the chloride channel MCLC family.
CLN3	9606.ENSP00000454229	0.6404046997389035	0.748490566037736	rgb(117,239,161)	Battenin; Involved in microtubule-dependent, anterograde transport of late endosomes and lysosomes.
CLRN1	9606.ENSP00000329158	0.36605744125326367	0.6624528301886793	rgb(239,136,117)	Clarin-1; May have a role in the excitatory ribbon synapse junctions between hair cells and cochlear ganglion cells and presumably also in analogous synapses within the retina; Belongs to the clarin family.
CNGA1	9606.ENSP00000384264	0.33962140992167106	0.449622641509434	rgb(239,221,117)	cGMP-gated cation channel alpha-1; Subunit of the rod cyclic GMP-gated cation channel, which is involved in the final stage of the phototransduction pathway. When light hits rod photoreceptors, cGMP concentrations decrease causing rapid closure of CNGA1/CNGB1 channels and, therefore, hyperpolarization of the membrane potential.
CNGA3	9606.ENSP00000272602	0.4524151436031331	0.33075471698113207	rgb(117,204,239)	Cyclic nucleotide-gated cation channel alpha-3; Visual signal transduction is mediated by a G-protein coupled cascade using cGMP as second messenger. This protein can be activated by cyclic GMP which leads to an opening of the cation channel and thereby causing a depolarization of cone photoreceptors. Induced a flickering channel gating, weakened the outward rectification in the presence of extracellular calcium, increased sensitivity for L-cis diltiazem and enhanced the cAMP efficacy of the channel when coexpressed with CNGB3 (By similarity). Essential for the generation of light-evok [...] 
CNGB1	9606.ENSP00000251102	0.37369451697127937	0.46716981132075475	rgb(0,178,157)	Cyclic nucleotide-gated cation channel beta-1; Subunit of cyclic nucleotide-gated (CNG) channels, nonselective cation channels, which play important roles in both visual and olfactory signal transduction. When associated with CNGA1, it is involved in the regulation of ion flow into the rod photoreceptor outer segment (ROS), in response to light-induced alteration of the levels of intracellular cGMP.
CNGB3	9606.ENSP00000316605	0.41657963446475194	0.37716981132075467	rgb(117,207,239)	Cyclic nucleotide-gated cation channel beta-3; Visual signal transduction is mediated by a G-protein coupled cascade using cGMP as second messenger. This protein can be activated by cGMP which leads to an opening of the cation channel and thereby causing a depolarization of rod photoreceptors. Induced a flickering channel gating, weakened the outward rectification in the presence of extracellular calcium, increased sensitivity for L-cis diltiazem and enhanced the cAMP efficiency of the channel when coexpressed with CNGA3 (By similarity). Essential for the generation of light-evoked ele [...] 
COQ2	9606.ENSP00000310873	0.3778067885117493	0.8515094339622642	rgb(117,239,193)	4-hydroxybenzoate polyprenyltransferase, mitochondrial; Catalyzes the prenylation of para-hydroxybenzoate (PHB) with an all-trans polyprenyl group. Mediates the second step in the final reaction sequence of coenzyme Q (CoQ) biosynthesis, which is the condensation of the polyisoprenoid side chain with PHB, generating the first membrane-bound Q intermediate.
COQ4	9606.ENSP00000300452	0.3948433420365535	0.9245283018867925	rgb(0,28,178)	Ubiquinone biosynthesis protein COQ4 homolog, mitochondrial; Component of the coenzyme Q biosynthetic pathway. May play a role in organizing a multi-subunit COQ enzyme complex required for coenzyme Q biosynthesis. Required for steady-state levels of other COQ polypeptides; Belongs to the COQ4 family.
COQ5	9606.ENSP00000288532	0.4306788511749347	0.918301886792453	rgb(157,239,117)	2-methoxy-6-polyprenyl-1,4-benzoquinol methylase, mitochondrial; Methyltransferase required for the conversion of 2- polyprenyl-6-methoxy-1,4-benzoquinol (DDMQH2) to 2-polyprenyl-3-methyl- 6-methoxy-1,4-benzoquinol (DMQH2); Belongs to the class I-like SAM-binding methyltransferase superfamily. MenG/UbiE family.
COQ8B	9606.ENSP00000315118	0.35959530026109665	0.9149056603773585	rgb(117,217,239)	Atypical kinase COQ8B, mitochondrial; Atypical kinase involved in the biosynthesis of coenzyme Q, also named ubiquinone, an essential lipid-soluble electron transporter for aerobic cellular respiration. Its substrate specificity is unclear: does not show any protein kinase activity. Probably acts as a small molecule kinase, possibly a lipid kinase that phosphorylates a prenyl lipid in the ubiquinone biosynthesis pathway. Required for podocyte migration.
CRB1	9606.ENSP00000356370	0.8377937336814621	0.748490566037736	rgb(138,239,117)	Protein crumbs homolog 1; Plays a role in photoreceptor morphogenesis in the retina. May maintain cell polarization and adhesion; Belongs to the Crumbs protein family.
CRB2	9606.ENSP00000362734	0.770822454308094	0.7581132075471699	rgb(117,239,141)	Protein crumbs homolog 2; Apical polarity protein that plays a central role during the epithelial-to-mesenchymal transition (EMT) at gastrulation, when newly specified mesodermal cells move inside the embryo. Acts by promoting cell ingression, the process by which cells leave the epithelial epiblast and move inside the embryo to form a new tissue layer. The anisotropic distribution of CRB2 and MYH10/myosin-IIB at cell edges define which cells will ingress: cells with high apical CRB2 are probably extruded from the epiblast by neighboring cells with high levels of apical MYH10/myosin-II [...] 
CRX	9606.ENSP00000221996	0.3825065274151436	0.4349056603773585	rgb(232,239,117)	Cone-rod homeobox protein; Transcription factor that binds and transactivates the sequence 5'-TAATC[CA]-3' which is found upstream of several photoreceptor-specific genes, including the opsin genes. Acts synergistically with other transcription factors, such as NRL, RORB and RAX, to regulate photoreceptor cell-specific gene transcription. Essential for the maintenance of mammalian photoreceptors. Belongs to the paired homeobox family.
CWC27	9606.ENSP00000370460	0.2086161879895561	0.7201886792452831	rgb(239,156,117)	Spliceosome-associated protein CWC27 homolog; As part of the spliceosome, plays a role in pre-mRNA splicing. Probable inactive PPIase with no peptidyl-prolyl cis-trans isomerase activity.
CYP4V2	9606.ENSP00000368079	0.4776762402088773	0.7694339622641511	rgb(150,101,255)	Cytochrome P450 4V2; Omega-hydroxylase that oxidizes medium-chain saturated fatty acids and polyunsaturated omega-3 fatty acids, and which plays a role in fatty acid and steroid metabolism in the eye. Catalyzes the omega-hydroxylation of medium-chain saturated fatty acids such as laurate, myristate and palmitate in an NADPH-dependent pathway. The substrate specificity is higher for myristate > laurate > palmitate (C14>C16>C12). Acts as a polyunsaturated omega-3 fatty acids hydroxylase by mediating oxidation of docosahexaenoate (DHA) to 22-hydroxydocosahexaenoate. Also produces some 21- [...] 
DHDDS	9606.ENSP00000353104	0.4206919060052219	0.6986792452830188	rgb(151,239,117)	Dehydrodolichyl diphosphate synthase complex subunit DHDDS; With NUS1, forms the dehydrodolichyl diphosphate synthase (DDS) complex, an essential component of the dolichol monophosphate (Dol-P) biosynthetic machinery. Both subunits contribute to enzymatic activity, i.e. condensation of multiple copies of isopentenyl pyrophosphate (IPP) to farnesyl pyrophosphate (FPP) to produce dehydrodolichyl diphosphate (Dedol-PP), a precursor of dolichol phosphate which is utilized as a sugar carrier in protein glycosylation in the endoplasmic reticulum (ER). Regulates the glycosylation and stabilit [...] 
DHX38	9606.ENSP00000268482	0.26031331592689294	0.7592452830188681	rgb(117,239,148)	Pre-mRNA-splicing factor ATP-dependent RNA helicase PRP16; Probable ATP-binding RNA helicase (Probable). Involved in pre-mRNA splicing as component of the spliceosome.
EMC1	9606.ENSP00000420608	0.09699738903394256	0.6556603773584906	rgb(239,146,117)	ER membrane protein complex subunit 1; Belongs to the EMC1 family.
ENSA	9606.ENSP00000341743	0.770822454308094	0.22490566037735849	rgb(239,143,117)	Alpha-endosulfine; Protein phosphatase inhibitor that specifically inhibits protein phosphatase 2A (PP2A) during mitosis. When phosphorylated at Ser-67 during mitosis, specifically interacts with PPP2R2D (PR55-delta) and inhibits its activity, leading to inactivation of PP2A, an essential condition to keep cyclin-B1-CDK1 activity high during M phase (By similarity). Also acts as a stimulator of insulin secretion by interacting with sulfonylurea receptor (ABCC8), thereby preventing sulfonylurea from binding to its receptor and reducing K(ATP) channel currents.
EYS	9606.ENSP00000359655	0.41540469973890337	0.5645283018867925	rgb(235,239,117)	Protein eyes shut homolog; Required to maintain the integrity of photoreceptor cells. Specifically required for normal morphology of the photoreceptor ciliary pocket, and might thus facilitate protein trafficking between the photoreceptor inner and outer segments via the transition zone (By similarity); Belongs to the EYS family.
FAM161A	9606.ENSP00000385158	0.4929503916449086	0.6115094339622642	rgb(118,239,117)	Protein FAM161A; Involved in ciliogenesis.
FSCN2	9606.ENSP00000334665	0.39425587467362927	0.6143396226415094	rgb(203,239,117)	Fascin-2; Acts as an actin bundling protein. May play a pivotal role in photoreceptor cell-specific events, such as disk morphogenesis.
GNAT1	9606.ENSP00000232461	0.30261096605744126	0.3352830188679245	rgb(117,188,239)	Guanine nucleotide-binding protein G(t) subunit alpha-1; Functions as signal transducer for the rod photoreceptor RHO. Required for normal RHO-mediated light perception by the retina. Guanine nucleotide-binding proteins (G proteins) function as transducers downstream of G protein-coupled receptors (GPCRs), such as the photoreceptor RHO. The alpha chain contains the guanine nucleotide binding site and alternates between an active, GTP- bound state and an inactive, GDP-bound state. Activated RHO promotes GDP release and GTP binding. Signaling is mediated via downstream effector proteins, [...] 
GNAT2	9606.ENSP00000251337	0.2908616187989556	0.3935849056603774	rgb(117,191,239)	Guanine nucleotide-binding protein G(t) subunit alpha-2; Guanine nucleotide-binding proteins (G proteins) are involved as modulators or transducers in various transmembrane signaling systems. Transducin is an amplifier and one of the transducers of a visual impulse that performs the coupling between rhodopsin and cGMP- phosphodiesterase.
GNGT1	9606.ENSP00000248572	0.26442558746736294	0.29962264150943396	rgb(117,117,239)	Guanine nucleotide-binding protein G(T) subunit gamma-T1; Guanine nucleotide-binding proteins (G proteins) are involved as a modulator or transducer in various transmembrane signaling systems. The beta and gamma chains are required for the GTPase activity, for replacement of GDP by GTP, and for G protein-effector interaction.
GRK1	9606.ENSP00000334876	0.41540469973890337	0.3330188679245283	rgb(117,197,239)	Rhodopsin kinase GRK1; Retina-specific kinase involved in the signal turnoff via phosphorylation of rhodopsin (RHO), the G protein- coupled receptor that initiates the phototransduction cascade. This rapid desensitization is essential for scotopic vision and permits rapid adaptation to changes in illumination (By similarity). May play a role in the maintenance of the outer nuclear layer in the retina (By similarity).
GRK7	9606.ENSP00000264952	0.3178851174934726	0.3035849056603773	rgb(117,162,239)	Rhodopsin kinase GRK7; Retina-specific kinase involved in the shutoff of the photoresponse and adaptation to changing light conditions via cone opsin phosphorylation, including rhodopsin (RHO). Belongs to the protein kinase superfamily. AGC Ser/Thr protein kinase family. GPRK subfamily.
GUCA1A	9606.ENSP00000053469	0.49765013054830287	0.2967924528301887	rgb(117,184,239)	Guanylyl cyclase-activating protein 1; Stimulates retinal guanylyl cyclase when free calcium ions concentration is low and inhibits guanylyl cyclase when free calcium ions concentration is elevated. This Ca(2+)-sensitive regulation of retinal guanylyl cyclase is a key event in recovery of the dark state of rod photoreceptors following light exposure (By similarity). May be involved in cone photoreceptor light response and recovery of response in bright light (By similarity).
GUCA1A-2	9606.ENSP00000362049	0.3560704960835509	0.23169811320754718	rgb(117,117,239)	Guanylate cyclase activator 1A.
GUCA1B	9606.ENSP00000230361	0.3954308093994778	0.4807547169811321	rgb(239,204,117)	Guanylyl cyclase-activating protein 2; Stimulates two retinal guanylyl cyclases (GCs) GUCY2D and GUCY2F when free calcium ions concentration is low, and inhibits GUCY2D and GUCY2F when free calcium ions concentration is elevated (By similarity). This Ca(2+)-sensitive regulation of GCs is a key event in recovery of the dark state of rod photoreceptors following light exposure (By similarity). May be involved in cone photoreceptor response and recovery of response in bright light (By similarity).
GUCA1C	9606.ENSP00000261047	0.45711488250652743	0.2866037735849057	rgb(117,126,239)	Guanylyl cyclase-activating protein 3; Stimulates guanylyl cyclase 1 (GC1) and GC2 when free calcium ions concentration is low and inhibits guanylyl cyclases when free calcium ions concentration is elevated. This Ca(2+)-sensitive regulation of guanylyl cyclase (GC) is a key event in recovery of the dark state of rod photoreceptors following light exposure.
GUCY2D	9606.ENSP00000254854	0.46592689295039164	0.4133962264150944	rgb(117,239,203)	Retinal guanylyl cyclase 1; Catalyzes the synthesis of cyclic GMP (cGMP) in rods and cones of photoreceptors. Plays an essential role in phototransduction, by mediating cGMP replenishment. May also participate in the trafficking of membrane-asociated proteins to the photoreceptor outer segment membrane (By similarity). Belongs to the adenylyl cyclase class-4/guanylyl cyclase family.
HGSNAT	9606.ENSP00000368965	0.6650783289817233	0.8266037735849058	rgb(131,239,117)	Heparan-alpha-glucosaminide N-acetyltransferase; Lysosomal acetyltransferase that acetylates the non-reducing terminal alpha-glucosamine residue of intralysosomal heparin or heparan sulfate, converting it into a substrate for luminal alpha-N-acetyl glucosaminidase.
HK1	9606.ENSP00000494664	0.7925587467362925	0.6533962264150943	rgb(147,239,117)	Hexokinase-1; Catalyzes the phosphorylation of various hexoses, such as D- glucose, D-glucosamine, D-fructose, D-mannose and 2-deoxy-D-glucose, to hexose 6-phosphate (D-glucose 6-phosphate, D-glucosamine 6-phosphate, D-fructose 6-phosphate, D-mannose 6-phosphate and 2-deoxy-D-glucose 6- phosphate, respectively). Does not phosphorylate N-acetyl-D-glucosamine. Mediates the initial step of glycolysis by catalyzing phosphorylation of D-glucose to D-glucose 6-phosphate (By similarity). Involved in innate immunity and inflammation by acting as a pattern recognition receptor for bacterial pep [...] 
HKDC1	9606.ENSP00000346643	0.8595300261096607	0.6437735849056604	rgb(183,239,117)	Hexokinase HKDC1; Catalyzes the phosphorylation of hexose to hexose 6- phosphate, although at very low level compared to other hexokinases. Has low glucose phosphorylating activity compared to other hexokinases. Involved in glucose homeostasis and hepatic lipid accumulation. Required to maintain whole-body glucose homeostasis during pregnancy; however additional evidences are required to confirm this role (By similarity).
IDH3B	9606.ENSP00000482773	0.30261096605744126	0.5922641509433962	rgb(219,239,117)	Isocitrate dehydrogenase [NAD] subunit beta, mitochondrial; Plays a structural role to facilitate the assembly and ensure the full activity of the enzyme catalyzing the decarboxylation of isocitrate (ICT) into alpha-ketoglutarate. The heterodimer composed of the alpha (IDH3A) and beta (IDH3B) subunits and the heterodimer composed of the alpha (IDH3A) and gamma (IDH3G) subunits, have considerable basal activity but the full activity of the heterotetramer (containing two subunits of IDH3A, one of IDH3B and one of IDH3G) requires the assembly and cooperative function of both heterodimers.
IFT140	9606.ENSP00000406012	0.6545039164490862	0.41509433962264153	rgb(117,239,132)	Intraflagellar transport protein 140 homolog; Component of the IFT complex A (IFT-A), a complex required for retrograde ciliary transport and entry into cilia of G protein- coupled receptors (GPCRs). Plays a pivotal role in proper development and function of ciliated cells through its role in ciliogenesis and/or cilium maintenance. Required for the development and maintenance of the outer segments of rod and cone photoreceptor cells. Plays a role in maintenance and the delivery of opsin to the outer segment of photoreceptor cells (By similarity).
IFT172	9606.ENSP00000260570	0.6973890339425588	0.5413207547169812	rgb(117,239,164)	Intraflagellar transport protein 172 homolog; Required for the maintenance and formation of cilia. Plays an indirect role in hedgehog (Hh) signaling, cilia being required for all activity of the hedgehog pathway (By similarity); Belongs to the IFT172 family.
IFT20	9606.ENSP00000464443	0.6821148825065274	0.3471698113207547	rgb(117,117,239)	Intraflagellar transport protein 20 homolog; Part of intraflagellar transport (IFT) particles involved in ciliary process assembly. May play a role in the trafficking of ciliary membrane proteins from the Golgi complex to the cilium. Regulates the platelet-derived growth factor receptor-alpha (PDGFRA) signaling pathway. Required for protein stability of E3 ubiquitin ligases CBL and CBLB that mediate ubiquitination and internalization of PDGFRA for proper feedback inhibition of PDGFRA signaling. Essential for male fertility. Plays an important role in spermatogenesis, particularly sperm [...] 
IFT27	9606.ENSP00000393541	0.7819843342036554	0.4711320754716981	rgb(117,117,239)	Intraflagellar transport protein 27 homolog; Small GTPase-like component of the intraflagellar transport (IFT) complex B that promotes the exit of the BBSome complex from cilia via its interaction with ARL6. Not involved in entry of the BBSome complex into cilium. Prevents aggregation of GTP-free ARL6. Required for hedgehog signaling. Forms a subcomplex within the IFT complex B with IFT25. Its role in intraflagellar transport is mainly seen in tissues rich in ciliated cells such as kidney and testis. Essential for male fertility, spermiogenesis and sperm flagella formation. Plays a rol [...] 
IFT43	9606.ENSP00000238628	0.7913838120104438	0.35056603773584905	rgb(117,239,135)	Intraflagellar transport protein 43 homolog; As a component of IFT complex A (IFT-A), a complex required for retrograde ciliary transport and entry into cilia of G protein- coupled receptors (GPCRs), it is involved in ciliogenesis. Involved in retrograde ciliary transport along microtubules from the ciliary tip to the base.
IFT74	9606.ENSP00000404122	0.7925587467362925	0.4247169811320755	rgb(117,117,239)	Intraflagellar transport protein 74 homolog; Component of the intraflagellar transport (IFT) complex B: together with IFT81, forms a tubulin-binding module that specifically mediates transport of tubulin within the cilium. Binds beta-tubulin via its basic region. Required for ciliogenesis. Belongs to the IFT74 family.
IFT88	9606.ENSP00000323580	0.6844647519582245	0.48415094339622644	rgb(117,117,239)	Intraflagellar transport protein 88 homolog; Involved in primary cilium biogenesis. Also involved in autophagy since it is required for trafficking of ATG16L and the expansion of the autophagic compartment.
IMPDH1	9606.ENSP00000345096	0.4782637075718016	0.5690566037735849	rgb(117,239,216)	Inosine-5'-monophosphate dehydrogenase 1; Catalyzes the conversion of inosine 5'-phosphate (IMP) to xanthosine 5'-phosphate (XMP), the first committed and rate-limiting step in the de novo synthesis of guanine nucleotides, and therefore plays an important role in the regulation of cell growth. Could also have a single-stranded nucleic acid-binding activity and could play a role in RNA and/or DNA metabolism. It may also have a role in the development of malignancy and the growth progression of some tumors; Belongs to the IMPDH/GMPR family.
IMPG1	9606.ENSP00000358966	0.16279373368146213	0.4133962264150944	rgb(239,178,117)	Interphotoreceptor matrix proteoglycan 1; May interact with hyaluronan which may serve to form a basic macromolecular scaffold comprising the insoluble interphotoreceptor matrix.
IMPG2	9606.ENSP00000193391	0.3654699738903394	0.6069811320754718	rgb(101,255,163)	Interphotoreceptor matrix proteoglycan 2; Chondroitin sulfate- and hyaluronan-binding proteoglycan involved in the organization of interphotoreceptor matrix; may participate in the maturation and maintenance of the light-sensitive photoreceptor outer segment. Binds heparin.
INPP5E	9606.ENSP00000360777	0.6545039164490862	0.6754716981132076	rgb(239,165,117)	Phosphatidylinositol polyphosphate 5-phosphatase type IV; Phosphatidylinositol (PtdIns) phosphatase that specifically hydrolyzes the 5-phosphate of phosphatidylinositol-3,4,5-trisphosphate (PtdIns(3,4,5)P3), phosphatidylinositol 4,5-bisphosphate (PtdIns(4,5)P2) and phosphatidylinositol 3,5-bisphosphate (PtdIns(3,5)P2)  (By similarity). Specific for lipid substrates, inactive towards water soluble inositol phosphates. Plays an essential role in the primary cilium by controlling ciliary growth and phosphoinositide 3-kinase (PI3K) signaling and stability (By similarity); Belongs to the in [...] 
IQCB1	9606.ENSP00000311505	0.6092689295039165	0.4428301886792453	rgb(117,168,239)	IQ calmodulin-binding motif-containing protein 1; Involved in ciliogenesis. The function in an early step in cilia formation depends on its association with CEP290/NPHP6. Involved in regulation of the BBSome complex integrity, specifically for presence of BBS2 and BBS5 in the complex, and in ciliary targeting of selected BBSome cargos. May play a role in controlling entry of the BBSome complex to cilia possibly implicating CEP290/NPHP6.
KCNV2	9606.ENSP00000371514	0.49530026109660574	0.3324528301886792	rgb(117,123,239)	Potassium voltage-gated channel subfamily V member 2; Potassium channel subunit. Modulates channel activity by shifting the threshold and the half-maximal activation to more negative values; Belongs to the potassium channel family. V (TC 1.A.1.2) subfamily. Kv8.2/KCNV2 sub-subfamily.
KIAA1549	9606.ENSP00000416040	0.07937336814621411	0.5215094339622641	rgb(117,239,151)	UPF0606 protein KIAA1549; KIAA1549; Belongs to the UPF0606 family.
KIF3B	9606.ENSP00000364864	0.7537859007832899	0.30471698113207546	rgb(239,120,117)	Kinesin-like protein KIF3B, N-terminally processed; Involved in tethering the chromosomes to the spindle pole and in chromosome movement. Microtubule-based anterograde translocator for membranous organelles. Plus end-directed microtubule sliding activity in vitro (By similarity).
KIZ	9606.ENSP00000479542	0.7490861618798956	0.18301886792452832	rgb(239,159,117)	Centrosomal protein kizuna; Centrosomal protein required for establishing a robust mitotic centrosome architecture that can endure the forces that converge on the centrosomes during spindle formation. Required for stabilizing the expanded pericentriolar material around the centriole. Belongs to the kizuna family.
KLHL7	9606.ENSP00000343273	0.40071801566579635	0.6556603773584906	rgb(160,239,117)	Kelch-like protein 7; Substrate-specific adapter of a BCR (BTB-CUL3-RBX1) E3 ubiquitin ligase complex. The BCR(KLHL7) complex acts by mediating ubiquitination and subsequent degradation of substrate proteins. Probably mediates 'Lys-48'-linked ubiquitination.
LCA5	9606.ENSP00000376686	0.5681462140992168	0.5079245283018868	rgb(101,199,255)	Lebercilin; Involved in intraflagellar protein (IFT) transport in photoreceptor cilia; Belongs to the LCA5 family.
LRAT	9606.ENSP00000337224	0.42480417754569194	0.40433962264150947	rgb(144,239,117)	Lecithin retinol acyltransferase; Transfers the acyl group from the sn-1 position of phosphatidylcholine to all-trans retinol, producing all-trans retinyl esters. Retinyl esters are storage forms of vitamin A (Probable). LRAT plays a critical role in vision (Probable). It provides the all-trans retinyl ester substrates for the isomerohydrolase which processes the esters into 11-cis-retinol in the retinal pigment epithelium; due to a membrane-associated alcohol dehydrogenase, 11 cis-retinol is oxidized and converted into 11-cis- retinaldehyde which is the chromophore for rhodopsin and t [...] 
MAK	9606.ENSP00000346484	0.5422976501305483	0.7864150943396228	rgb(117,233,239)	Serine/threonine-protein kinase MAK; Essential for the regulation of ciliary length and required for the long-term survival of photoreceptors (By similarity). Phosphorylates FZR1 in a cell cycle-dependent manner. Plays a role in the transcriptional coactivation of AR. Could play an important function in spermatogenesis. May play a role in chromosomal stability in prostate cancer cells; Belongs to the protein kinase superfamily. CMGC Ser/Thr protein kinase family. CDC2/CDKX subfamily.
MERTK	9606.ENSP00000295408	0.48120104438642297	0.540188679245283	rgb(117,239,119)	Tyrosine-protein kinase Mer; Receptor tyrosine kinase that transduces signals from the extracellular matrix into the cytoplasm by binding to several ligands including LGALS3, TUB, TULP1 or GAS6. Regulates many physiological processes including cell survival, migration, differentiation, and phagocytosis of apoptotic cells (efferocytosis). Ligand binding at the cell surface induces autophosphorylation of MERTK on its intracellular domain that provides docking sites for downstream signaling molecules. Following activation by ligand, interacts with GRB2 or PLCG2 and induces phosphorylation [...] 
MKS1	9606.ENSP00000376827	0.7167754569190601	0.5979245283018868	rgb(117,136,239)	Meckel syndrome type 1 protein; Component of the tectonic-like complex, a complex localized at the transition zone of primary cilia and acting as a barrier that prevents diffusion of transmembrane proteins between the cilia and plasma membranes. Involved in centrosome migration to the apical cell surface during early ciliogenesis. Required for ciliary structure and function, including a role in regulating length and appropriate number through modulating centrosome duplication. Required for cell branching morphology.
MT-ATP6	9606.ENSP00000354632	0.23446475195822453	0.909245283018868	rgb(239,227,117)	ATP synthase subunit a; Mitochondrial membrane ATP synthase (F(1)F(0) ATP synthase or Complex V) produces ATP from ADP in the presence of a proton gradient across the membrane which is generated by electron transport complexes of the respiratory chain. F-type ATPases consist of two structural domains, F(1) - containing the extramembraneous catalytic core and F(0) - containing the membrane proton channel, linked together by a central stalk and a peripheral stalk. During catalysis, ATP synthesis in the catalytic domain of F(1) is coupled via a rotary mechanism of the central stalk subuni [...] 
MVK	9606.ENSP00000228510	0.2961488250652742	0.8079245283018869	rgb(117,239,180)	Mevalonate kinase; Catalyzes the phosphorylation of mevalonate to mevalonate 5- phosphate, a key step in isoprenoid and cholesterol biosynthesis ; Belongs to the GHMP kinase family. Mevalonate kinase subfamily.
NEK2	9606.ENSP00000355966	0.6633159268929504	0.14679245283018869	rgb(255,175,101)	Serine/threonine-protein kinase Nek2; Protein kinase which is involved in the control of centrosome separation and bipolar spindle formation in mitotic cells and chromatin condensation in meiotic cells. Regulates centrosome separation (essential for the formation of bipolar spindles and high-fidelity chromosome separation) by phosphorylating centrosomal proteins such as CROCC, CEP250 and NINL, resulting in their displacement from the centrosomes. Regulates kinetochore microtubule attachment stability in mitosis via phosphorylation of NDC80. Involved in regulation of mitotic checkpoint  [...] 
NEUROD1	9606.ENSP00000295108	0.13342036553524805	0.46320754716981133	rgb(239,191,117)	Neurogenic differentiation factor 1; Acts as a transcriptional activator: mediates transcriptional activation by binding to E box-containing promoter consensus core sequences 5'-CANNTG-3'. Associates with the p300/CBP transcription coactivator complex to stimulate transcription of the secretin gene as well as the gene encoding the cyclin-dependent kinase inhibitor CDKN1A. Contributes to the regulation of several cell differentiation pathways, like those that promote the formation of early retinal ganglion cells, inner ear sensory neurons, granule cells forming either the cerebellum or  [...] 
NPHP1	9606.ENSP00000313169	0.687402088772846	0.6035849056603774	rgb(117,117,239)	Nephrocystin-1; Together with BCAR1 it may play a role in the control of epithelial cell polarity (By similarity). Involved in the organization of apical junctions in kidney cells together with NPHP4 and RPGRIP1L/NPHP8 (By similarity). Does not seem to be strictly required for ciliogenesis (By similarity). Seems to help to recruit PTK2B/PYK2 to cell matrix adhesions, thereby initiating phosphorylation of PTK2B/PYK2 and PTK2B/PYK2-dependent signaling (By similarity). May play a role in the regulation of intraflagellar transport (IFT) during cilia assembly. Required for normal retina dev [...] 
NPHP4	9606.ENSP00000367398	0.6603785900783291	0.5820754716981132	rgb(117,145,239)	Nephrocystin-4; Involved in the organization of apical junctions; the function is proposed to implicate a NPHP1-4-8 module. Does not seem to be strictly required for ciliogenesis. Required for building functional cilia. Involved in the organization of the subapical actin network in multiciliated epithelial cells. Seems to recruit INT to basal bodies of motile cilia which subsequently interacts with actin-modifying proteins such as DAAM1 (By similarity). In cooperation with INVS may downregulate the canonical Wnt pathway and promote the Wnt-PCP pathway by regulating expression and subce [...] 
NR2E3	9606.ENSP00000482504	0.34079634464751957	0.4683018867924528	rgb(117,239,177)	Photoreceptor-specific nuclear receptor; Orphan nuclear receptor of retinal photoreceptor cells. Transcriptional factor that is an activator of rod development and repressor of cone development. Binds the promoter region of a number of rod- and cone-specific genes, including rhodopsin, M- and S-opsin and rod-specific phosphodiesterase beta subunit. Enhances rhodopsin expression. Represses M- and S-cone opsin expression. Belongs to the nuclear hormone receptor family. NR2 subfamily.
NRL	9606.ENSP00000454062	0.31906005221932116	0.4977358490566038	rgb(117,239,158)	Neural retina-specific leucine zipper protein; Acts as a transcriptional activator which regulates the expression of several rod-specific genes, including RHO and PDE6B. Functions also as a transcriptional coactivator, stimulating transcription mediated by the transcription factor CRX and NR2E3. Binds in a sequence-specific manner to the rhodopsin promoter.
NXNL1	9606.ENSP00000305631	0.22154046997389037	0.38792452830188684	rgb(117,117,239)	Nucleoredoxin-like protein 1; May play a role in cone cell viability, slowing down cone degeneration, does not seem to play a role in degenerating rods. Belongs to the nucleoredoxin family.
OFD1	9606.ENSP00000344314	0.6386422976501306	0.5554716981132076	rgb(117,239,125)	Oral-facial-digital syndrome 1 protein; Component of the centrioles controlling mother and daughter centrioles length. Recruits to the centriole IFT88 and centriole distal appendage-specific proteins including CEP164. Involved in the biogenesis of the cilium, a centriole-associated function. The cilium is a cell surface projection found in many vertebrate cells required to transduce signals important for development and tissue homeostasis. Plays an important role in development by regulating Wnt signaling and the specification of the left-right axis. Only OFD1 localized at the centriol [...] 
OPN1MW	9606.ENSP00000472316	0.4112924281984334	0.24528301886792453	rgb(117,129,239)	Opsin 1, medium wave sensitive.
OPN1SW	9606.ENSP00000249389	0.28204960835509135	0.35339622641509433	rgb(117,178,239)	Short-wave-sensitive opsin 1; Visual pigments are the light-absorbing molecules that mediate vision. They consist of an apoprotein, opsin, covalently linked to cis-retinal (Probable). Required for the maintenance of cone outer segment organization in the ventral retina, but not essential for the maintenance of functioning cone photoreceptors (By similarity). Involved in ensuring correct abundance and localization of retinal membrane proteins (By similarity). May increase spectral sensitivity in dim light (By similarity); Belongs to the G-protein coupled receptor 1 family. Opsin subfamily.
PCARE	9606.ENSP00000332809	0.4600522193211488	0.6092452830188679	rgb(190,239,117)	Photoreceptor cilium actin regulator; Plays an essential role for normal photoreceptor cell maintenance and vision.
PDE6A	9606.ENSP00000255266	0.3725195822454308	0.4858490566037736	rgb(141,239,117)	Rod cGMP-specific 3',5'-cyclic phosphodiesterase subunit alpha; This protein participates in processes of transmission and amplification of the visual signal; Belongs to the cyclic nucleotide phosphodiesterase family.
PDE6B	9606.ENSP00000420295	0.3924934725848564	0.4445283018867925	rgb(180,239,117)	Rod cGMP-specific 3',5'-cyclic phosphodiesterase subunit beta; This protein participates in processes of transmission and amplification of the visual signal. Necessary for the formation of a functional phosphodiesterase holoenzyme; Belongs to the cyclic nucleotide phosphodiesterase family.
PDE6C	9606.ENSP00000360502	0.3795691906005222	0.3516981132075471	rgb(117,201,239)	Cone cGMP-specific 3',5'-cyclic phosphodiesterase subunit alpha; As cone-specific cGMP phosphodiesterase, it plays an essential role in light detection and cone phototransduction by rapidly decreasing intracellular levels of cGMP.
PDE6D	9606.ENSP00000287600	0.587532637075718	0.5752830188679245	rgb(117,117,239)	Retinal rod rhodopsin-sensitive cGMP 3',5'-cyclic phosphodiesterase subunit delta; Promotes the release of prenylated target proteins from cellular membranes. Modulates the activity of prenylated or palmitoylated Ras family members by regulating their subcellular location. Required for normal ciliary targeting of farnesylated target proteins, such as INPP5E. Modulates the subcellular location of target proteins by acting as a GTP specific dissociation inhibitor (GDI) (By similarity). Increases the affinity of ARL3 for GTP by several orders of magnitude. Stabilizes ARL3-GTP by decreasin [...] 
PDE6G	9606.ENSP00000328412	0.32963446475195823	0.5447169811320755	rgb(177,239,117)	Retinal rod rhodopsin-sensitive cGMP 3',5'-cyclic phosphodiesterase subunit gamma; Participates in processes of transmission and amplification of the visual signal. cGMP-PDEs are the effector molecules in G- protein-mediated phototransduction in vertebrate rods and cones.
PDE6H	9606.ENSP00000266395	0.3554830287206266	0.3018867924528302	rgb(117,181,239)	Retinal cone rhodopsin-sensitive cGMP 3',5'-cyclic phosphodiesterase subunit gamma; Participates in processes of transmission and amplification of the visual signal. cGMP-PDEs are the effector molecules in G- protein-mediated phototransduction in vertebrate rods and cones; Belongs to the rod/cone cGMP-PDE gamma subunit family.
PDSS1	9606.ENSP00000365388	0.41657963446475194	0.8554716981132077	rgb(239,211,117)	Decaprenyl-diphosphate synthase subunit 1; Supplies decaprenyl diphosphate, the precursor for the side chain of the isoprenoid quinones ubiquinone-10. Belongs to the FPP/GGPP synthase family.
PITPNM3	9606.ENSP00000262483	0.5052872062663185	0.2526415094339623	rgb(239,195,117)	Membrane-associated phosphatidylinositol transfer protein 3; Catalyzes the transfer of phosphatidylinositol and phosphatidylcholine between membranes (in vitro) (By similarity). Binds calcium ions; Belongs to the PtdIns transfer protein family. PI transfer class IIA subfamily.
PLA2G5	9606.ENSP00000364249	0.7490861618798956	0.8113207547169812	rgb(225,239,117)	Calcium-dependent phospholipase A2; PA2 catalyzes the calcium-dependent hydrolysis of the 2-acyl groups in 3-sn-phosphoglycerides. This isozyme hydrolyzes more efficiently L-alpha-1-palmitoyl-2-oleoyl phosphatidylcholine than L- alpha-1-palmitoyl-2-arachidonyl phosphatidylcholine, L-alpha-1- palmitoyl-2-arachidonyl phosphatidylethanolamine, or L-alpha-1- stearoyl-2-arachidonyl phosphatidylinositol. May be involved in the production of lung surfactant, the remodeling or regulation of cardiac muscle.
POMGNT1	9606.ENSP00000361060	0.4324412532637076	0.07830188679245284	rgb(239,130,117)	Protein O-linked-mannose beta-1,2-N-acetylglucosaminyltransferase 1; Participates in O-mannosyl glycosylation by catalyzing the addition of N-acetylglucosamine to O-linked mannose on glycoproteins. Catalyzes the synthesis of the GlcNAc(beta1-2)Man(alpha1-)O-Ser/Thr moiety on alpha- dystroglycan and other O-mannosylated proteins, providing the necessary basis for the addition of further carbohydrate moieties. Is specific for alpha linked terminal mannose and does not have MGAT3, MGAT4, MGAT5, MGAT7 or MGAT8 activity.
PRCD	9606.ENSP00000467661	0.4453655352480418	0.5962264150943397	rgb(186,239,117)	Photoreceptor disk component PRCD; Involved in vision; Belongs to the PRCD family.
PRKCG	9606.ENSP00000263431	0.16338120104438641	0.36471698113207546	rgb(239,188,117)	Protein kinase C gamma type; Calcium-activated, phospholipid- and diacylglycerol (DAG)- dependent serine/threonine-protein kinase that plays diverse roles in neuronal cells and eye tissues, such as regulation of the neuronal receptors GRIA4/GLUR4 and GRIN1/NMDAR1, modulation of receptors and neuronal functions related to sensitivity to opiates, pain and alcohol, mediation of synaptic function and cell survival after ischemia, and inhibition of gap junction activity after oxidative stress. Binds and phosphorylates GRIA4/GLUR4 glutamate receptor and regulates its function by increasing p [...] 
PROM1	9606.ENSP00000426809	0.2873368146214099	0.4830188679245283	rgb(170,239,117)	Prominin-1; May play a role in cell differentiation, proliferation and apoptosis. Binds cholesterol in cholesterol- containing plasma membrane microdomains and may play a role in the organization of the apical plasma membrane in epithelial cells. During early retinal development acts as a key regulator of disk morphogenesis. Involved in regulation of MAPK and Akt signaling pathways. In neuroblastoma cells suppresses cell differentiation such as neurite outgrowth in a RET-dependent manner.
PROS1	9606.ENSP00000377783	0.5757832898172325	0.7847169811320756	rgb(239,214,117)	Vitamin K-dependent protein S; Anticoagulant plasma protein; it is a cofactor to activated protein C in the degradation of coagulation factors Va and VIIIa. It helps to prevent coagulation and stimulating fibrinolysis.
PRPF3	9606.ENSP00000315379	0.3578328981723237	0.6369811320754717	rgb(222,239,117)	U4/U6 small nuclear ribonucleoprotein Prp3; Plays role in pre-mRNA splicing as component of the U4/U6-U5 tri-snRNP complex that is involved in spliceosome assembly, and as component of the precatalytic spliceosome (spliceosome B complex).
PRPF31	9606.ENSP00000324122	0.4195169712793734	0.5950943396226416	rgb(239,127,117)	U4/U6 small nuclear ribonucleoprotein Prp31; Involved in pre-mRNA splicing as component of the spliceosome. Required for the assembly of the U4/U5/U6 tri-snRNP complex, one of the building blocks of the spliceosome.
PRPF4	9606.ENSP00000363313	0.32963446475195823	0.749622641509434	rgb(187,255,101)	U4/U6 small nuclear ribonucleoprotein Prp4; Plays role in pre-mRNA splicing as component of the U4/U6-U5 tri-snRNP complex that is involved in spliceosome assembly, and as component of the precatalytic spliceosome (spliceosome B complex).
PRPF6	9606.ENSP00000266079	0.2620757180156658	0.6460377358490567	rgb(212,239,117)	Pre-mRNA-processing factor 6; Involved in pre-mRNA splicing as component of the U4/U6-U5 tri-snRNP complex, one of the building blocks of the spliceosome. Enhances dihydrotestosterone- induced transactivation activity of AR, as well as dexamethasone- induced transactivation activity of NR3C1, but does not affect estrogen-induced transactivation.
PRPF8	9606.ENSP00000460348	0.3372715404699739	0.6324528301886793	rgb(117,239,122)	Pre-mRNA-processing-splicing factor 8; Plays role in pre-mRNA splicing as core component of precatalytic, catalytic and postcatalytic spliceosomal complexes, both of the predominant U2-type spliceosome and the minor U12-type spliceosome. Functions as a scaffold that mediates the ordered assembly of spliceosomal proteins and snRNAs. Required for the assembly of the U4/U6-U5 tri-snRNP complex, a building block of the spliceosome. Functions as scaffold that positions spliceosomal U2, U5 and U6 snRNAs at splice sites on pre-mRNA substrates, so that splicing can occur. Interacts with both t [...] 
PRPH2	9606.ENSP00000230381	0.4212793733681462	0.4558490566037736	rgb(117,239,236)	Peripherin-2; Essential for retina photoreceptor outer segment disk morphogenesis, may also play a role with ROM1 in the maintenance of outer segment disk structure (By similarity). Required for the maintenance of retinal outer nuclear layer thickness (By similarity). Required for the correct development and organization of the photoreceptor inner segment (By similarity). Belongs to the PRPH2/ROM1 family.
RAX2	9606.ENSP00000450456	0.47943864229765015	0.3035849056603773	rgb(239,234,117)	Retina and anterior neural fold homeobox protein 2; May be involved in modulating the expression of photoreceptor specific genes. Binds to the Ret-1 and Bat-1 element within the rhodopsin promoter.
RBP3	9606.ENSP00000463151	0.21507832898172324	0.4326415094339623	rgb(239,117,117)	Retinol-binding protein 3; IRBP shuttles 11-cis and all trans retinoids between the retinol isomerase in the pigment epithelium and the visual pigments in the photoreceptor cells of the retina.
RCVRN	9606.ENSP00000226193	0.3378590078328982	0.3550943396226415	rgb(117,149,239)	Recoverin; Acts as a calcium sensor and regulates phototransduction of cone and rod photoreceptor cells (By similarity). Modulates light sensitivity of cone photoreceptor in dark and dim conditions (By similarity). In response to high Ca(2+) levels induced by low light levels, prolongs RHO/rhodopsin activation in rod photoreceptor cells by binding to and inhibiting GRK1-mediated phosphorylation of RHO/rhodopsin (By similarity). Plays a role in scotopic vision/enhances vision in dim light by enhancing signal transfer between rod photoreceptors and rod bipolar cells (By similarity). Impr [...] 
RD3	9606.ENSP00000355969	0.5393603133159269	0.35056603773584905	rgb(125,239,117)	Protein RD3; Plays a critical role in the regulation of enzymes involved in nucleotide cycle in photoreceptors. Inhibits the basal catalytic activity and the GCAP-stimulated activity of GUCY2D and GUCY2F, two retinal guanylyl cyclases involved in the production of cGMP in photoreceptors. Involved in the transport of GUCY2D and GUCY2F to their target sites in the photoreceptor outer segment. Up-regulates the activity of GUK1, a kinase that plays also an essential role for recycling GMP and indirectly, cGMP. Plays an important role for the survival of rods and cones in the retina (By sim [...] 
RDH12	9606.ENSP00000449079	0.43361618798955615	0.5260377358490567	rgb(117,223,239)	Retinol dehydrogenase 12; Retinoids dehydrogenase/reductase with a clear preference for NADP. Displays high activity towards 9-cis, 11-cis and all-trans- retinal. Shows very weak activity towards 13-cis-retinol. Also exhibits activity, albeit with lower affinity than for retinaldehydes, towards lipid peroxidation products (C9 aldehydes) such as 4-hydroxynonenal and trans-2-nonenal. May play an important function in photoreceptor cells to detoxify 4-hydroxynonenal and potentially other toxic aldehyde products resulting from lipid peroxidation. Has no dehydrogenase activity towards stero [...] 
RDH5	9606.ENSP00000257895	0.22917754569190601	0.3562264150943396	rgb(117,155,239)	Retinol dehydrogenase 5; Catalyzes the oxidation of cis-isomers of retinol, including 11-cis-, 9-cis-, and 13-cis-retinol in an NAD-dependent manner. Has no activity towards all-trans retinal (By similarity). Plays a significant role in 11-cis retinol oxidation in the retinal pigment epithelium cells (RPE). Also recognizes steroids (androsterone, androstanediol) as its substrates. Belongs to the short-chain dehydrogenases/reductases (SDR) family.
REEP6	9606.ENSP00000233596	0.15868146214099216	0.4881132075471698	rgb(239,140,117)	Receptor expression-enhancing protein 6; Required for correct function and survival of retinal photoreceptors. Required for retinal development (By similarity). In rod photoreceptors, facilitates stability and/or trafficking of guanylate cyclases and is required to maintain endoplasmic reticulum and mitochondrial homeostasis (By similarity). May play a role in clathrin-coated intracellular vesicle trafficking of proteins from the endoplasmic reticulum to the retinal rod plasma membrane (By similarity).
RGR	9606.ENSP00000352427	0.23857702349869453	0.32849056603773585	rgb(239,224,117)	RPE-retinal G protein-coupled receptor; Receptor for all-trans- and 11-cis-retinal. Binds preferentially to the former and may catalyze the isomerization of the chromophore by a retinochrome-like mechanism.
RGS9BP	9606.ENSP00000334134	0.3501958224543081	0.2690566037735849	rgb(117,175,239)	Regulator of G-protein signaling 9-binding protein; Regulator of G protein-coupled receptor (GPCR) signaling in phototransduction. Participates in the recovery phase of visual transduction via its interaction with RGS9-1 isoform. Acts as a membrane-anchor that mediates the targeting of RGS9-1 to the photoreceptor outer segment, where phototransduction takes place. Enhances the ability of RGS9-1 to stimulate G protein GTPase activity, allowing the visual signal to be terminated on the physiologically time scale. It also controls the proteolytic stability of RGS9-1, probably by protectin [...] 
RHO	9606.ENSP00000296271	0.4324412532637076	0.41905660377358495	rgb(117,236,239)	Rhodopsin; Photoreceptor required for image-forming vision at low light intensity. Required for photoreceptor cell viability after birth. Light- induced isomerization of the chromophore 11-cis-retinal to all-trans- retinal triggers a conformational change that activates signaling via G-proteins. Subsequent receptor phosphorylation mediates displacement of the bound G-protein alpha subunit by the arrestin SAG and terminates signaling.
RLBP1	9606.ENSP00000268125	0.2673629242819843	0.5135849056603774	rgb(117,239,171)	Retinaldehyde-binding protein 1; Soluble retinoid carrier essential the proper function of both rod and cone photoreceptors. Participates in the regeneration of active 11-cis-retinol and 11-cis-retinaldehyde, from the inactive 11- trans products of the rhodopsin photocycle and in the de novo synthesis of these retinoids from 11-trans metabolic precursors. The cycling of retinoids between photoreceptor and adjacent pigment epithelium cells is known as the 'visual cycle'.
ROM1	9606.ENSP00000278833	0.3431462140992167	0.48415094339622644	rgb(164,239,117)	Rod outer segment membrane protein 1; Plays a role in rod outer segment (ROS) morphogenesis (By similarity). May play a role with PRPH2 in the maintenance of the structure of ROS curved disks (By similarity). Plays a role in the organization of the ROS and maintenance of ROS disk diameter (By similarity). Involved in the maintenance of the retina outer nuclear layer (By similarity).
RP1	9606.ENSP00000220676	0.07526109660574413	0.40037735849056605	rgb(209,239,117)	Oxygen-regulated protein 1; Microtubule-associated protein regulating the stability and length of the microtubule-based axoneme of photoreceptors. Required for the differentiation of photoreceptor cells, it plays a role in the organization of the outer segment of rod and cone photoreceptors ensuring the correct orientation and higher-order stacking of outer segment disks along the photoreceptor axoneme (By similarity).
RP1L1	9606.ENSP00000371923	0.4906005221932115	0.4388679245283019	rgb(117,239,232)	Retinitis pigmentosa 1-like 1 protein; Required for the differentiation of photoreceptor cells. Plays a role in the organization of outer segment of rod and cone photoreceptors (By similarity).
RP2	9606.ENSP00000218340	0.7161879895561358	0.7145283018867925	rgb(14,178,0)	Protein XRP2; Acts as a GTPase-activating protein (GAP) involved in trafficking between the Golgi and the ciliary membrane. Involved in localization of proteins, such as NPHP3, to the cilium membrane by inducing hydrolysis of GTP ARL3, leading to the release of UNC119 (or UNC119B). Acts as a GTPase-activating protein (GAP) for tubulin in concert with tubulin-specific chaperone C, but does not enhance tubulin heterodimerization. Acts as guanine nucleotide dissociation inhibitor towards ADP-ribosylation factor-like proteins. Belongs to the TBCC family.
RP9	9606.ENSP00000297157	0.4347911227154047	0.6426415094339623	rgb(134,239,117)	Retinitis pigmentosa 9 protein; Is thought to be a target protein for the PIM1 kinase. May play some roles in B-cell proliferation in association with PIM1 (By similarity).
RPE65	9606.ENSP00000262340	0.43655352480417753	0.48415094339622644	rgb(193,239,117)	Retinoid isomerohydrolase; Critical isomerohydrolase in the retinoid cycle involved in regeneration of 11-cis-retinal, the chromophore of rod and cone opsins. Catalyzes the cleavage and isomerization of all-trans-retinyl fatty acid esters to 11-cis-retinol which is further oxidized by 11-cis retinol dehydrogenase to 11-cis-retinal for use as visual chromophore. Essential for the production of 11-cis retinal for both rod and cone photoreceptors. Also capable of catalyzing the isomerization of lutein to meso-zeaxanthin an eye- specific carotenoid. The soluble form binds vitamin A (all-tr [...] 
RPGR	9606.ENSP00000495537	0.5035248041775456	0.5028301886792453	rgb(117,239,145)	X-linked retinitis pigmentosa GTPase regulator; Could be a guanine-nucleotide releasing factor. Plays a role in ciliogenesis. Probably regulates cilia formation by regulating actin stress filaments and cell contractility. Plays an important role in photoreceptor integrity. May play a critical role in spermatogenesis and in intraflagellar transport processes (By similarity). May be involved in microtubule organization and regulation of transport in primary cilia.
RPGRIP1	9606.ENSP00000382895	0.5405352480417756	0.4479245283018868	rgb(117,239,154)	X-linked retinitis pigmentosa GTPase regulator-interacting protein 1; May function as scaffolding protein. Required for normal location of RPGR at the connecting cilium of photoreceptor cells. Required for normal disk morphogenesis and disk organization in the outer segment of photoreceptor cells and for survival of photoreceptor cells; Belongs to the RPGRIP1 family.
RPGRIP1L	9606.ENSP00000493946	0.622780678851175	0.4586792452830189	rgb(117,194,239)	Protein fantom; Negatively regulates signaling through the G-protein coupled thromboxane A2 receptor (TBXA2R). May be involved in mechanisms like programmed cell death, craniofacial development, patterning of the limbs, and formation of the left-right axis (By similarity). Involved in the organization of apical junctions; the function is proposed to implicate a NPHP1-4-8 module. Does not seem to be strictly required for ciliogenesis. Involved in establishment of planar cell polarity such as in cochlear sensory epithelium and is proposed to implicate stabilization of disheveled proteins [...] 
SAG	9606.ENSP00000386444	0.43537859007832896	0.2741509433962264	rgb(117,239,219)	S-arrestin; Binds to photoactivated, phosphorylated RHO and terminates RHO signaling via G-proteins by competing with G-proteins for the same binding site on RHO (By similarity). May play a role in preventing light-dependent degeneration of retinal photoreceptor cells.
SAMD11	9606.ENSP00000342313	0.1351827676240209	0.7043396226415094	rgb(154,239,117)	Sterile alpha motif domain-containing protein 11; May play a role in photoreceptor development.
SCAPER	9606.ENSP00000454973	0.5317232375979113	0.18301886792452832	rgb(117,239,174)	S phase cyclin A-associated protein in the endoplasmic reticulum; CCNA2/CDK2 regulatory protein that transiently maintains CCNA2 in the cytoplasm.
SEMA4A	9606.ENSP00000357265	0.3214099216710183	0.53	rgb(239,185,117)	Semaphorin-4A; Cell surface receptor for PLXNB1, PLXNB2, PLXNB3 and PLXND1 that plays an important role in cell-cell signaling (By similarity). Regulates glutamatergic and GABAergic synapse development (By similarity). Promotes the development of inhibitory synapses in a PLXNB1-dependent manner and promotes the development of excitatory synapses in a PLXNB2-dependent manner (By similarity). Plays a role in priming antigen-specific T-cells, promotes differentiation of Th1 T- helper cells, and thereby contributes to adaptive immunity (By similarity). Promotes phosphorylation of TIMD2 (By [...] 
SFTA3	9606.ENSP00000428331	0.5287859007832898	0.6675471698113208	rgb(117,165,239)	Surfactant-associated protein 3; Putative surfactant protein. May be involved in wound healing and in the reduction of the surface tension at the ocular surface.
SLC24A1	9606.ENSP00000261892	0.29556135770234987	0.2718867924528302	rgb(117,117,239)	Sodium/potassium/calcium exchanger 1; Critical component of the visual transduction cascade, controlling the calcium concentration of outer segments during light and darkness. Light causes a rapid lowering of cytosolic free calcium in the outer segment of both retinal rod and cone photoreceptors and the light-induced lowering of calcium is caused by extrusion via this protein which plays a key role in the process of light adaptation. Transports 1 Ca(2+) and 1 K(+) in exchange for 4 Na(+).
SLC37A3	9606.ENSP00000321498	0.2491514360313316	0.2458490566037736	rgb(239,162,117)	Sugar phosphate exchanger 3; Solute carrier family 37 member 3.
SLC39A12	9606.ENSP00000366586	0.5751958224543081	0.8322641509433963	rgb(239,123,117)	Zinc transporter ZIP12; Acts as a zinc-influx transporter (Potential). May be partly involved in the outbreak of schizophrenia; Belongs to the ZIP transporter (TC 2.A.5) family.
SLC66A1	9606.ENSP00000364295	0.8577676240208878	0.20396226415094337	rgb(239,182,117)	Lysosomal amino acid transporter 1 homolog; Amino acid transporter that specifically mediates the pH- dependent export of the cationic amino acids arginine, histidine and lysine from lysosomes.
SLC7A14	9606.ENSP00000231706	0.5417101827676241	0.9018867924528302	rgb(199,239,117)	Probable cationic amino acid transporter; May be involved in arginine transport. Belongs to the amino acid-polyamine-organocation (APC) superfamily. Cationic amino acid transporter (CAT) (TC 2.A.3.3) family.
SNRNP200	9606.ENSP00000317123	0.31729765013054834	0.6171698113207548	rgb(117,239,138)	U5 small nuclear ribonucleoprotein 200 kDa helicase; Plays role in pre-mRNA splicing as core component of precatalytic, catalytic and postcatalytic spliceosomal complexes. Involved in spliceosome assembly, activation and disassembly. Mediates changes in the dynamic network of RNA-RNA interactions in the spliceosome. Catalyzes the ATP-dependent unwinding of U4/U6 RNA duplices, an essential step in the assembly of a catalytically active spliceosome.
SPATA7	9606.ENSP00000377176	0.5105744125326371	0.5532075471698114	rgb(239,217,117)	Spermatogenesis-associated protein 7; Involved in the maintenance of both rod and cone photoreceptor cells (By similarity). It is required for recruitment and proper localization of RPGRIP1 to the photoreceptor connecting cilium (CC), as well as photoreceptor-specific localization of proximal CC proteins at the distal CC (By similarity). Maintenance of protein localization at the photoreceptor-specific distal CC is essential for normal microtubule stability and to prevent photoreceptor degeneration (By similarity).
SPP2	9606.ENSP00000168148	0.814295039164491	0.7066037735849057	rgb(178,171,0)	Secreted phosphoprotein 24; Could coordinate an aspect of bone turnover.
SUMF1	9606.ENSP00000272902	0.7197127937336816	0.8900000000000001	rgb(117,239,229)	Formylglycine-generating enzyme; Oxidase that catalyzes the conversion of cysteine to 3- oxoalanine on target proteins, using molecular oxygen and an unidentified reducing agent. 3- oxoalanine modification, which is also named formylglycine (fGly), occurs in the maturation of arylsulfatases and some alkaline phosphatases that use the hydrated form of 3-oxoalanine as a catalytic nucleophile. Known substrates include GALNS, ARSA, STS and ARSE. Belongs to the sulfatase-modifying factor family.
TBC1D32	9606.ENSP00000381270	0.8178198433420366	0.30754716981132074	rgb(239,198,117)	Protein broad-minded; Required for high-level Shh responses in the developing neural tube. Together with CDK20, controls the structure of the primary cilium by coordinating assembly of the ciliary membrane and axoneme, allowing GLI2 to be properly activated in response to Shh signaling (By similarity).
TCTN1	9606.ENSP00000380779	0.8066579634464752	0.5135849056603774	rgb(117,117,239)	Tectonic-1; Component of the tectonic-like complex, a complex localized at the transition zone of primary cilia and acting as a barrier that prevents diffusion of transmembrane proteins between the cilia and plasma membranes. Regulator of Hedgehog (Hh), required for both activation and inhibition of the Hh pathway in the patterning of the neural tube. During neural tube development, it is required for formation of the most ventral cell types and for full Hh pathway activation. Functions in Hh signal transduction to fully activate the pathway in the presence of high Hh levels and to rep [...] 
TCTN2	9606.ENSP00000304941	0.774934725848564	0.6160377358490566	rgb(117,117,239)	Tectonic-2; Component of the tectonic-like complex, a complex localized at the transition zone of primary cilia and acting as a barrier that prevents diffusion of transmembrane proteins between the cilia and plasma membranes. Required for hedgehog signaling transduction (By similarity).
TMEM216	9606.ENSP00000334844	0.7755221932114883	0.4649056603773585	rgb(239,237,117)	Transmembrane protein 216; Part of the tectonic-like complex which is required for tissue-specific ciliogenesis and may regulate ciliary membrane composition.
TMEM67	9606.ENSP00000389998	0.73322454308094	0.4467924528301887	rgb(117,158,239)	Meckelin; Required for ciliary structure and function. Part of the tectonic-like complex which is required for tissue-specific ciliogenesis and may regulate ciliary membrane composition (By similarity). Involved in centrosome migration to the apical cell surface during early ciliogenesis. Involved in the regulation of cilia length and appropriate number through the control of centrosome duplication. Required for cell branching morphology. Essential for endoplasmic reticulum-associated degradation (ERAD) of surfactant protein C (SFTPC).
TOPORS	9606.ENSP00000353735	0.46181462140992163	0.6471698113207548	rgb(239,169,117)	E3 ubiquitin-protein ligase Topors; Functions as an E3 ubiquitin-protein ligase and as an E3 SUMO1-protein ligase. Probable tumor suppressor involved in cell growth, cell proliferation and apoptosis that regulates p53/TP53 stability through ubiquitin-dependent degradation. May regulate chromatin modification through sumoylation of several chromatin modification-associated proteins. May be involved in DNA damage-induced cell death through IKBKE sumoylation.
TRNT1	9606.ENSP00000251607	0.27734986945169715	0.8509433962264151	rgb(255,0,0)	CCA tRNA nucleotidyltransferase 1, mitochondrial; [Isoform 1]: Adds and repairs the conserved 3'-CCA sequence necessary for the attachment of amino acids to the 3' terminus of tRNA molecules, using CTP and ATP as substrates.
TTC21B	9606.ENSP00000243344	0.7208877284595301	0.5577358490566038	rgb(117,117,239)	Tetratricopeptide repeat protein 21B; Component of the IFT complex A (IFT-A), a complex required for retrograde ciliary transport and entry into cilia of G protein- coupled receptors (GPCRs). Essential for retrograde trafficking of IFT- 1, IFT-B and GPCRs. Negatively modulates the SHH signal transduction (By similarity); Belongs to the TTC21 family.
TTC8	9606.ENSP00000482306	0.5452349869451697	0.5554716981132076	rgb(117,239,184)	Tetratricopeptide repeat protein 8; The BBSome complex is thought to function as a coat complex required for sorting of specific membrane proteins to the primary cilia. The BBSome complex is required for ciliogenesis but is dispensable for centriolar satellite function. This ciliogenic function is mediated in part by the Rab8 GDP/GTP exchange factor, which localizes to the basal body and contacts the BBSome. Rab8(GTP) enters the primary cilium and promotes extension of the ciliary membrane. Firstly the BBSome associates with the ciliary membrane and binds to RAB3IP/Rabin8, the guanosyl [...] 
TTLL5	9606.ENSP00000298832	0.5898825065274151	0.2837735849056604	rgb(117,117,239)	Tubulin polyglutamylase TTLL5; Polyglutamylase which preferentially modifies alpha-tubulin (By similarity). Involved in the side-chain initiation step of the polyglutamylation reaction rather than in the elongation step (By similarity). Required for CCSAP localization to both spindle and cilia microtubules. Increases the effects of NCOA2 in glucocorticoid receptor-mediated repression and induction and in androgen receptor-mediated induction. Belongs to the tubulin--tyrosine ligase family.
TULP1	9606.ENSP00000229771	0.4676892950391645	0.5215094339622641	rgb(173,239,117)	Tubby-related protein 1; Required for normal development of photoreceptor synapses. Required for normal photoreceptor function and for long-term survival of photoreceptor cells. Interacts with cytoskeleton proteins and may play a role in protein transport in photoreceptor cells (By similarity). Binds lipids, especially phosphatidylinositol 3-phosphate, phosphatidylinositol 4-phosphate, phosphatidylinositol 5-phosphate, phosphatidylinositol 3,4-bisphosphate, phosphatidylinositol 4,5- bisphosphate, phosphatidylinositol 3,4,5-bisphosphate, phosphatidylserine and phosphatidic acid (in vitr [...] 
UBAP1L	9606.ENSP00000454012	0.29262402088772843	0.20396226415094337	rgb(117,239,167)	Ubiquitin-associated protein 1-like; Ubiquitin associated protein 1 like.
USH2A	9606.ENSP00000305941	0.5093994778067886	0.589433962264151	rgb(117,239,187)	Usherin; Involved in hearing and vision as member of the USH2 complex. In the inner ear, required for the maintenance of the hair bundle ankle formation, which connects growing stereocilia in developing cochlear hair cells. In retina photoreceptors, the USH2 complex is required for the maintenance of periciliary membrane complex that seems to play a role in regulating intracellular protein transport.
VWA8	9606.ENSP00000368612	0.20567885117493473	0.8322641509433963	rgb(117,239,210)	Von Willebrand factor A domain-containing protein 8; Exhibits ATPase activity in vitro.
WDR19	9606.ENSP00000382717	0.7731723237597912	0.40264150943396226	rgb(117,239,190)	WD repeat-containing protein 19; As component of the IFT complex A (IFT-A), a complex required for retrograde ciliary transport and entry into cilia of G protein- coupled receptors (GPCRs), it is involved in cilia function and/or assembly. Essential for functional IFT-A assembly and ciliary entry of GPCRs. Associates with the BBSome complex to mediate ciliary transport (By similarity).
ZNF408	9606.ENSP00000309606	0.19862924281984334	0.7779245283018869	rgb(239,133,117)	Zinc finger protein 408; May be involved in transcriptional regulation.
ZNF513	9606.ENSP00000318373	0.3560704960835509	0.5832075471698114	rgb(117,239,239)	Zinc finger protein 513; Transcriptional regulator that plays a role in retinal development and maintenance.
